{"_wandb":{"runtime":659},"_runtime":659,"_timestamp":1.7660854548004344e+09,"_step":0,"zeroshot/top1_before_train":1.0653409090909092,"zeroshot/top5_before_train":5.259627525252525,"epoch":-1}