{"_runtime":252,"_wandb":{"runtime":252},"zeroshot/top1_before_train":0.78125,"zeroshot/top5_before_train":5.295138888888889,"epoch":-1,"_timestamp":1.766084843211054e+09,"_step":0}