{"zeroshot/top5_before_train":5.259627525252525,"epoch":-1,"_timestamp":1.766085454799316e+09,"_step":0,"zeroshot/top1_before_train":1.0653409090909092,"_wandb":{"runtime":659},"_runtime":659}